{
  "model_type": "XGBoost Ultimate",
  "version": "2.0",
  "threshold": 3.0,
  "n_features": 34,
  "features": [
    "mng_win",
    "transfers_out",
    "loaned_out",
    "saves",
    "round",
    "form_3",
    "expected_goal_involvements",
    "mng_underdog_win",
    "minutes_std_5",
    "is_DEF",
    "points_cv",
    "winning_goals",
    "transfers_balance",
    "team_h_score",
    "is_GKP",
    "penalties_conceded",
    "is_FWD",
    "mng_underdog_draw",
    "id",
    "selected",
    "form_5",
    "def_contrib_per_90",
    "ict_index",
    "assist_efficiency",
    "transfers_in",
    "total_points_last3",
    "minutes_last3",
    "goals_scored_last3",
    "assists_last3",
    "clean_sheets_last3",
    "saves_last3",
    "form_trend",
    "minutes_last3_std",
    "hot_streak"
  ],
  "mae": 2.4465158096504727,
  "r2": -0.011420690233208575,
  "precision": 0.3612350153331475,
  "recall": 0.8555628920435787,
  "f1": 0.5079878467117515,
  "within_2": 45.22485301128238,
  "feature_importance": {
    "mng_win": 0.0,
    "transfers_out": 0.029044365510344505,
    "loaned_out": 0.0,
    "saves": 0.0381242111325264,
    "round": 0.027431489899754524,
    "form_3": 0.03346816450357437,
    "expected_goal_involvements": 0.029334483668208122,
    "mng_underdog_win": 0.0,
    "minutes_std_5": 0.030950259417295456,
    "is_DEF": 0.038938257843256,
    "points_cv": 0.02900490164756775,
    "winning_goals": 0.027342353016138077,
    "transfers_balance": 0.03022431768476963,
    "team_h_score": 0.02727322280406952,
    "is_GKP": 0.0,
    "penalties_conceded": 0.022654090076684952,
    "is_FWD": 0.02996511198580265,
    "mng_underdog_draw": 0.0,
    "id": 0.033498167991638184,
    "selected": 0.11472601443529129,
    "form_5": 0.0646471232175827,
    "def_contrib_per_90": 0.02807883732020855,
    "ict_index": 0.04330313205718994,
    "assist_efficiency": 0.028442004695534706,
    "transfers_in": 0.040151845663785934,
    "total_points_last3": 0.027811409905552864,
    "minutes_last3": 0.03092588484287262,
    "goals_scored_last3": 0.02785380743443966,
    "assists_last3": 0.026484323665499687,
    "clean_sheets_last3": 0.025065366178750992,
    "saves_last3": 0.02645781822502613,
    "form_trend": 0.030443819239735603,
    "minutes_last3_std": 0.02974793314933777,
    "hot_streak": 0.028607333078980446
  }
}