{
  "model_type": "XGBoost",
  "n_features": 20,
  "features": [
    "mng_win",
    "transfers_out",
    "loaned_out",
    "saves",
    "round",
    "form_3",
    "expected_goal_involvements",
    "mng_underdog_win",
    "minutes_std_5",
    "is_DEF",
    "points_cv",
    "winning_goals",
    "transfers_balance",
    "team_h_score",
    "is_GKP",
    "penalties_conceded",
    "is_FWD",
    "mng_underdog_draw",
    "id",
    "selected"
  ],
  "mae": 2.0878670330591653,
  "r2": 0.06273795151000383,
  "feature_importance": {
    "mng_win": 0.0,
    "transfers_out": 0.06489294022321701,
    "loaned_out": 0.0,
    "saves": 0.05873240903019905,
    "round": 0.047390084713697433,
    "form_3": 0.1081438884139061,
    "expected_goal_involvements": 0.049015454947948456,
    "mng_underdog_win": 0.0,
    "minutes_std_5": 0.05022849142551422,
    "is_DEF": 0.11223091930150986,
    "points_cv": 0.04843953996896744,
    "winning_goals": 0.051775526255369186,
    "transfers_balance": 0.04590637609362602,
    "team_h_score": 0.04372180625796318,
    "is_GKP": 0.016819564625620842,
    "penalties_conceded": 0.037646856158971786,
    "is_FWD": 0.0384042002260685,
    "mng_underdog_draw": 0.0,
    "id": 0.05271541699767113,
    "selected": 0.1739366203546524
  }
}