{
  "assists": 0.00788191382962203,
  "attempted_passes": 0.0075745387107891615,
  "big_chances_created": 0.007980987000015212,
  "big_chances_missed": 0.010205831088957935,
  "bonus": 0.008581481482135132,
  "bps": 0.009011200264334695,
  "clean_sheets": 0.009440294129047407,
  "clearances_blocks_interceptions": 0.008230180996970475,
  "completed_passes": 0.009001194133963998,
  "creativity": 0.01003161042661751,
  "dribbles": 0.008978305017608766,
  "ea_index": 0.0,
  "element": 0.01013469387226909,
  "errors_leading_to_goal": 0.007976765314519088,
  "errors_leading_to_goal_attempt": 0.004529022430730065,
  "fouls": 0.009892522047967872,
  "goals_conceded": 0.00981910867876358,
  "goals_scored": 0.006713561204416101,
  "ict_index": 0.010982054976084,
  "id": 0.011435067999984222,
  "influence": 0.009829830996239177,
  "key_passes": 0.009639407182726994,
  "kickoff_time_formatted": 0.0,
  "loaned_in": 0.0,
  "loaned_out": 0.0408658671737146,
  "minutes": 0.010006539221332779,
  "offside": 0.00905654543202074,
  "open_play_crosses": 0.006956104160786635,
  "own_goals": 0.010520017435868435,
  "penalties_conceded": 0.011831955796719544,
  "penalties_missed": 0.006484011130100816,
  "penalties_saved": 0.009739348345814285,
  "recoveries": 0.004773682283445778,
  "red_cards": 0.009876433449479992,
  "round": 0.021040981095532162,
  "saves": 0.03991196182934327,
  "selected": 0.011389689304683384,
  "tackled": 0.007531674120936546,
  "tackles": 0.009787558261919937,
  "target_missed": 0.009191303160426172,
  "team_a_score": 0.009834874108297753,
  "team_h_score": 0.012232601480279676,
  "threat": 0.010251083124380661,
  "total_points": 0.009234835974268083,
  "transfers_balance": 0.012644766693489394,
  "transfers_in": 0.010522628864531822,
  "transfers_out": 0.047868061094632486,
  "value": 0.010267926094201404,
  "was_home": 0.007735060548518399,
  "winning_goals": 0.012867197271935471,
  "yellow_cards": 0.010315884553196103,
  "position": 0.010048955379337527,
  "xP": 0.008846175481674117,
  "expected_assists": 0.009363904252707528,
  "expected_goal_involvements": 0.014796259811844245,
  "expected_goals": 0.0,
  "expected_goals_conceded": 0.0,
  "starts": 0.0,
  "modified": 0.0,
  "mng_clean_sheets": 0.0,
  "mng_draw": 0.0,
  "mng_goals_scored": 0.0,
  "mng_loss": 0.010192914575358605,
  "mng_underdog_draw": 0.01161710897847531,
  "mng_underdog_win": 0.013344000001177192,
  "mng_win": 0.06359715414495012,
  "defensive_contribution": 0.009823247476545354,
  "form_3": 0.016284263785172073,
  "form_5": 0.011099470545737317,
  "form_10": 0.00999407067392,
  "form_trend": 0.009565456440363367,
  "minutes_rolling": 0.010353537927254857,
  "goals_per_90": 0.010017981451203813,
  "assists_per_90": 0.009284409346708685,
  "xG_per_90": 0.009825037478646291,
  "xA_per_90": 0.009796840754604666,
  "xGI_per_90": 0.009636832075646301,
  "xGI_per_90_avg_5": 0.008072755806996504,
  "points_std_5": 0.009444907901372094,
  "points_cv": 0.01287137611659047,
  "minutes_std_5": 0.01333863092619701,
  "finishing_efficiency": 0.009215049093603914,
  "assist_efficiency": 0.010602771971083346,
  "def_contrib": 0.009932649014940308,
  "def_contrib_per_90": 0.01099755125337719,
  "def_contrib_per_90_avg_5": 0.009638313809955662,
  "influence_per_90": 0.009961978227303858,
  "creativity_per_90": 0.004073929297728676,
  "threat_per_90": 0.009234734460101068,
  "bonus_per_90": 0.008220647047174793,
  "bps_per_90": 0.008839598481238725,
  "is_GKP": 0.012174054814268555,
  "is_DEF": 0.013175012440712508,
  "is_MID": 0.01037831483458751,
  "is_FWD": 0.0117319401278216
}