{
  "model_type": "XGBoost Balanced",
  "version": "3.0",
  "n_features": 34,
  "features": [
    "mng_win",
    "transfers_out",
    "loaned_out",
    "saves",
    "round",
    "form_3",
    "expected_goal_involvements",
    "mng_underdog_win",
    "minutes_std_5",
    "is_DEF",
    "points_cv",
    "winning_goals",
    "transfers_balance",
    "team_h_score",
    "is_GKP",
    "penalties_conceded",
    "is_FWD",
    "mng_underdog_draw",
    "id",
    "selected",
    "form_5",
    "def_contrib_per_90",
    "ict_index",
    "assist_efficiency",
    "transfers_in",
    "own_goals",
    "is_MID",
    "minutes_rolling",
    "yellow_cards",
    "value",
    "total_points_last3",
    "minutes_last3",
    "goals_scored_last3",
    "assists_last3"
  ],
  "mae": 2.2557904652995044,
  "r2": 0.053604452247067336,
  "precision": 0.3874432413552218,
  "recall": 0.732419940574447,
  "f1": 0.5067961165048543,
  "within_2": 53.92234758196939,
  "feature_importance": {
    "mng_win": 0.0,
    "transfers_out": 0.025457656010985374,
    "loaned_out": 0.0,
    "saves": 0.038854341953992844,
    "round": 0.026257921010255814,
    "form_3": 0.02974596992135048,
    "expected_goal_involvements": 0.026660121977329254,
    "mng_underdog_win": 0.0,
    "minutes_std_5": 0.027464095503091812,
    "is_DEF": 0.01989678479731083,
    "points_cv": 0.02759740687906742,
    "winning_goals": 0.018694285303354263,
    "transfers_balance": 0.02780027873814106,
    "team_h_score": 0.02642408013343811,
    "is_GKP": 0.0,
    "penalties_conceded": 0.01851568929851055,
    "is_FWD": 0.02656470611691475,
    "mng_underdog_draw": 0.0,
    "id": 0.029831603169441223,
    "selected": 0.11609910428524017,
    "form_5": 0.05188019201159477,
    "def_contrib_per_90": 0.027921384200453758,
    "ict_index": 0.03323317691683769,
    "assist_efficiency": 0.027669912204146385,
    "transfers_in": 0.03222014382481575,
    "own_goals": 0.024363256990909576,
    "is_MID": 0.028273403644561768,
    "minutes_rolling": 0.06419605016708374,
    "yellow_cards": 0.02013184130191803,
    "value": 0.10257752984762192,
    "total_points_last3": 0.024752387776970863,
    "minutes_last3": 0.02981087751686573,
    "goals_scored_last3": 0.02268746867775917,
    "assists_last3": 0.024418247863650322
  }
}